{
  "timestamp": "20260108_003827",
  "num_questions": 5,
  "models": [
    "openai"
  ],
  "results": {
    "openai_llm_only": {
      "model": "OpenAI GPT-4o-mini",
      "mode": "llm_only",
      "aggregated": {
        "exact_match": 0.0,
        "precision": 0.25632279670015523,
        "recall": 0.2702822545139687,
        "f1": 0.262425024930043,
        "keyword_score": 0.4617948717948718,
        "recipe_score": 0.6833333333333333,
        "faithfulness": 0.0,
        "combined_score": 0.36210994836245736,
        "hallucination_rate": 0.0,
        "total_questions": 5,
        "avg_latency_ms": 4320.229816436768
      }
    },
    "openai_rag": {
      "model": "OpenAI GPT-4o-mini",
      "mode": "rag",
      "aggregated": {
        "exact_match": 0.0,
        "precision": 0.16404520336987044,
        "recall": 0.25249092034855236,
        "f1": 0.19710802871230676,
        "keyword_score": 0.4684615384615385,
        "recipe_score": 0.53,
        "faithfulness": 0.47631366723259766,
        "combined_score": 0.4613581517023656,
        "hallucination_rate": 0.0,
        "total_questions": 5,
        "avg_latency_ms": 7555.475759506226
      }
    }
  }
}