{
  "timestamp": "20260108_003004",
  "num_questions": 2,
  "models": [
    "qwen2"
  ],
  "results": {
    "qwen2_llm_only": {
      "model": "Ollama Qwen2 1.5B",
      "mode": "llm_only",
      "aggregated": {
        "exact_match": 0.0,
        "precision": 0.2555031446540881,
        "recall": 0.17427884615384615,
        "f1": 0.19040247678018576,
        "keyword_score": 0.3482142857142857,
        "recipe_score": 0.125,
        "faithfulness": 0.0,
        "combined_score": 0.2693083812472357,
        "hallucination_rate": 0.5,
        "total_questions": 2,
        "avg_latency_ms": 8939.220547676086
      }
    },
    "qwen2_rag": {
      "model": "Ollama Qwen2 1.5B",
      "mode": "rag",
      "aggregated": {
        "exact_match": 0.0,
        "precision": 0.13878842676311032,
        "recall": 0.1358173076923077,
        "f1": 0.12004504504504504,
        "keyword_score": 0.3482142857142857,
        "recipe_score": 0.125,
        "faithfulness": 0.23687182382834557,
        "combined_score": 0.2361645835558879,
        "hallucination_rate": 0.0,
        "total_questions": 2,
        "avg_latency_ms": 37760.90943813324
      }
    }
  }
}