{
  "bge_m3_wholedoc": {
    "k=1": {
      "aggregated": {
        "recall@1": 0.09972222222222223,
        "hit_rate@1": 0.26666666666666666,
        "mrr@1": 0.26666666666666666,
        "precision@1": 0.26666666666666666,
        "is_impossible": 0.16666666666666666,
        "latency_ms": 351.3866623242696,
        "question_id": 30.5,
        "latency_avg_ms": 351.3866623242696
      }
    },
    "k=3": {
      "aggregated": {
        "recall@3": 0.12222222222222222,
        "hit_rate@3": 0.36666666666666664,
        "mrr@3": 0.3111111111111111,
        "precision@3": 0.2777777777777778,
        "is_impossible": 0.16666666666666666,
        "latency_ms": 261.21970415115356,
        "question_id": 30.5,
        "latency_avg_ms": 261.21970415115356
      }
    },
    "k=5": {
      "aggregated": {
        "recall@5": 0.145,
        "hit_rate@5": 0.4166666666666667,
        "mrr@5": 0.3219444444444444,
        "precision@5": 0.2833333333333333,
        "is_impossible": 0.16666666666666666,
        "latency_ms": 286.1266652743022,
        "question_id": 30.5,
        "latency_avg_ms": 286.1266652743022
      }
    },
    "k=10": {
      "aggregated": {
        "recall@10": 0.1986111111111111,
        "hit_rate@10": 0.5666666666666667,
        "mrr@10": 0.3408730158730159,
        "precision@10": 0.2916666666666667,
        "is_impossible": 0.16666666666666666,
        "latency_ms": 267.32525030771893,
        "question_id": 30.5,
        "latency_avg_ms": 267.32525030771893
      }
    }
  },
  "e5_large_wholedoc": {
    "k=1": {
      "aggregated": {
        "recall@1": 0.09972222222222223,
        "hit_rate@1": 0.26666666666666666,
        "mrr@1": 0.26666666666666666,
        "precision@1": 0.26666666666666666,
        "is_impossible": 0.16666666666666666,
        "latency_ms": 292.75728066762287,
        "question_id": 30.5,
        "latency_avg_ms": 292.75728066762287
      }
    },
    "k=3": {
      "aggregated": {
        "recall@3": 0.12222222222222222,
        "hit_rate@3": 0.36666666666666664,
        "mrr@3": 0.3111111111111111,
        "precision@3": 0.2777777777777778,
        "is_impossible": 0.16666666666666666,
        "latency_ms": 299.4882782300313,
        "question_id": 30.5,
        "latency_avg_ms": 299.4882782300313
      }
    },
    "k=5": {
      "aggregated": {
        "recall@5": 0.145,
        "hit_rate@5": 0.4166666666666667,
        "mrr@5": 0.3219444444444444,
        "precision@5": 0.2833333333333333,
        "is_impossible": 0.16666666666666666,
        "latency_ms": 331.8032781283061,
        "question_id": 30.5,
        "latency_avg_ms": 331.8032781283061
      }
    },
    "k=10": {
      "aggregated": {
        "recall@10": 0.1986111111111111,
        "hit_rate@10": 0.5666666666666667,
        "mrr@10": 0.3408730158730159,
        "precision@10": 0.2916666666666667,
        "is_impossible": 0.16666666666666666,
        "latency_ms": 312.37997611363727,
        "question_id": 30.5,
        "latency_avg_ms": 312.37997611363727
      }
    }
  }
}